customer_id,total_spent,,
1617b1357756262bfa56ab541c47bc16,13664.08,13664.08,1%
ec5b2ba62e574342386871631fafd3fc,7274.88,20938.96,1%
c6e2731c5b391845f6800c97401a43a9,6929.31,27868.27,2%
f48d464a0baaea338cb25f816991ab1f,6922.21,34790.48,2%
3fd6777bbce08a352fddd04e4a7cc8f6,6726.66,41517.14,2%
05455dfa7cd02f13d132aa7a6a9729c6,6081.54,47598.68,3%
df55c14d1476a9a3467f131269c2477f,4950.34,52549.02,3%
e0a2412720e9ea4f26c1ac985f6a7358,4809.44,57358.46,3%
24bbf5fd2f2e1b359ee7de94defc4a15,4764.34,62122.8,4%
3d979689f636322c62418b6346b1c6d2,4681.78,66804.58,4%
1afc82cd60e303ef09b4ef9837c9505c,4513.32,71317.9,4%
cc803a2c412833101651d3f90ca7de24,4445.5,75763.4,4%
926b6a6fb8b6081e00b335edaf578d35,4194.76,79958.16,5%
35a413c7ca3c69756cb75867d6311c0d,4175.26,84133.42,5%
e9b0d0eb3015ef1c9ce6cf5b9dcbee9f,4163.51,88296.93,5%
3be2c536886b2ea4668eced3a80dd0bb,4042.74,92339.67,5%
eb7a157e8da9c488cd4ddc48711f1097,4034.44,96374.11,6%
c6695e3b1e48680db36b487419fb0398,4016.91,100391.02,6%
31e83c01fce824d0ff786fcd48dad009,3979.55,104370.57,6%
addc91fdf9c2b3045497b57fc710e820,3826.8,108197.37,6%
19b32919fa1198aefc0773ee2e46e693,3792.59,111989.96,7%
58acc4e2788bf6fc445fddcce9c1db03,3782.19,115772.15,7%
66657bf1753d82d0a76f2c4719ab8b85,3736.22,119508.37,7%
7d03bf20fa96e80468bbf678eebbcb3f,3666.42,123174.79,7%
39d6658037b1b5a07d0a24d423f0bd19,3602.47,126777.26,8%
e7c905bf4bb13543e8df947af4f3d9e9,3526.46,130303.72,8%
3c7c62e8d38fb18a33a45db8021f2d69,3406.47,133710.19,8%
0b16ce67087d02bf833c807e82b1992b,3358.24,137068.43,8%
803cd9b04f9cd252c6a83a2ecdbc22c3,3351.35,140419.78,8%
46bb3c0b1a65c8399d0363cefbcc4f37,3297.4,143717.18,9%
a7ea318cbe9df2ec79ab37cd7ca2135d,3256.14,146973.32,9%
f7622098214b4634b7fe7eee269b5426,3242.84,150216.16,9%
7e7d2271d6f55b03b0bd4615c5f2de6e,3209.72,153425.88,9%
71901689c5f3e5adc27b1dd16b33f0b8,3195.73,156621.61,9%
c26acf0451e0f8ec1f5218731b9a51cf,3184.55,159806.16,9%
040d94f8ba8ca26014bd6f7e8a6e0c0d,3184.34,162990.5,10%
26dcb450c4b5b390e79e6d5d0f2c6535,3184.34,166174.84,10%
25dbbf0c477fd4ae0880aaffbb12e8b3,3184.34,169359.18,10%
a95f4bbcf95262b073e4afa481b59ff8,3155.82,172515,10%
10a86619816f9d2afce3f45b04aabc71,3126.5,175641.5,10%
0a209a88c2e3dc2981c79ad85c558059,3126.5,178768,11%
6152fbfc8a92ee25fd821740bd33b089,3122.72,181890.72,11%
c03dfaf5db49d8583edbb5627f92058d,3076.13,184966.85,11%
4312e816d88fa8bdb6246878f61cdad5,3048.27,188015.12,11%
3a4e4932f3e6976dd966f1d3c044d49e,3044.12,191059.24,11%
d7c94e22bfd332eb29b0f5badc3ce103,3042.36,194101.6,11%
8dd4c93bfbebe2a77657d46ef959a7ac,3041.73,197143.33,12%
fd78e5e3abdc375368456fe738694c00,3024.08,200167.41,12%
1ff773612ab8934db89fd5afa8afe506,3018.6,203186.01,12%
101c8d91278c4de9001566d27033f673,3016.01,206202.02,12%
9d4ba8752b5b737f45da0544b669552a,3009.53,209211.55,12%
a8f345f82667eb421151dc7626147636,3005.06,212216.61,13%
a5c69c3bf293d341b6a56a4b7307c529,2960.05,215176.66,13%
a244afc7a1ec53f1aad296d1cd6e91ba,2938.17,218114.83,13%
f41666558f4e35056a445c27c2ac3d8b,2913.47,221028.3,13%
ed583a2a1eaf0dedc33af816153e8b8c,2844.96,223873.26,13%
9f9717a71bd8f6e5600b4faad20c20fb,2838.22,226711.48,13%
55fd5d10a5036383fe19af015d2e5a80,2828.42,229539.9,14%
1be0dd2f660a5a04ee20d608075f1b83,2827,232366.9,14%
fced842c7dad61e8ce47b49229659718,2818.74,235185.64,14%
8e2c57611e09e143ec4ab76e38033bef,2794.5,237980.14,14%
97dd9c6923b3237b650f1f4f3f2145ad,2787.87,240768.01,14%
8401401a8752eb431189e021b8009e37,2784.16,243552.17,14%
e5df9583ddbe3f4f3857d9b667dfa609,2759.95,246312.12,15%
5f87c05477db2d22c63b718299c9c03e,2759.88,249072,15%
3f083b9f62e687be8d84684c7d54c8db,2751.24,251823.24,15%
08dc68ad9ab343289844fa36f6963b8f,2734.66,254557.9,15%
19365ad6a18ccf1baf6eb71c30651096,2734.11,257292.01,15%
695476b5848d64ba0875324c88390206,2733.63,260025.64,15%
2e0339ff984d6f41f11dfdbc7c93dcda,2732.06,262757.7,16%
f08306b95370e8d5f0d97b71229284b6,2713.36,265471.06,16%
f2c743697f9b2ff2902df23a16582d80,2713.36,268184.42,16%
3690e975641f01bd07ad635f03dbb894,2692.82,270877.24,16%
b1c28f9b72d07054b64d09e487b5021c,2681.29,273558.53,16%
b177ef267a4377b77e0620d1a7f08dce,2681.29,276239.82,16%
279ca766397588e704abddd56d2dc131,2647.76,278887.58,17%
7e95832184f874c220b8ebffa750837d,2638.64,281526.22,17%
1ca6f90a61cf75c002a0d690261a0e4c,2627.09,284153.31,17%
0c5292f5e3690805390efddf53935915,2626.07,286779.38,17%
349509b216bd5ec11c5fae929fd13595,2621.29,289400.67,17%
1fb8ff22dad231d26fc7ecde2e2dc27a,2616,292016.67,17%
53e644c7c57416bdaf0409e656ee8b0a,2607.09,294623.76,17%
e9859fbdff7d26c36c228cf60796e844,2606.01,297229.77,18%
9c5d7103954595e173781530b10d02e4,2590.61,299820.38,18%
35698a7b9ae42369b9f45a53000f85f3,2574.38,302394.76,18%
03a6f3a3935165f5d26f4797ba6039bb,2566.9,304961.66,18%
9537f2addba8448428a3fd1a1add0656,2564.65,307526.31,18%
3696afd6fae4a1f36fcbc3db8f3d6640,2512.53,310038.84,18%
cb3724d7cb7db46b65cfd1e7c16c0df5,2487.24,312526.08,18%
6361b9f3b85d41860bfa28292e052bde,2480.58,315006.66,19%
233d97d412c7f4bb8d857ec922c0317f,2467.33,317473.99,19%
b9da524b08224eaff1bf76ef4d4299ac,2467.17,319941.16,19%
68f692d1f39843a16d9319a7306b6b10,2457.44,322398.6,19%
548692bdcbd6e3683ff306ac9d8418d6,2455.12,324853.72,19%
cdecc5d1f7fc375b1138e8b5f496fd69,2452.12,327305.84,19%
177ba55869da8001fcca079af0b85832,2438.51,329744.35,20%
b76816b61d8043a98db57875437da6b5,2429.68,332174.03,20%
2b7ae7a532ff538ce88f6bfdd2cb564c,2419.2,334593.23,20%
30ab7e538292e6130a456c371778d595,2416,337009.23,20%
d791834a0555c0062e98d735083f4373,2404.72,339413.95,20%
24301c6ce48874a51221d4e5584a7885,2404.72,341818.67,20%
9125dbd39c45287dfab9207f3cb15075,2389.78,344208.45,20%
df358a91acde222cf3330baac5cecfe7,2384.5,346592.95,21%
24348bd43207b8fa492c929ab6cb1fb9,2360.42,348953.37,21%
30dc58c87bd6ea55196ceaded4afcf91,2345.03,351298.4,21%
722af1f4b57a5d7df147069ad64c8361,2338.48,353636.88,21%
e683dddabd8f5c3ad3708a3364e932f8,2337.4,355974.28,21%
6f18119032437dd6fa1c7df272d2d9e6,2333.97,358308.25,21%
f767e7437c3aa2c044523c0a6712380b,2328.4,360636.65,21%
d1447849bd806efd6282988355588728,2325.22,362961.87,21%
72e0997496700af1df41815ffced78e6,2324.99,365286.86,22%
9cf0a858f5f153406bc333860eb23e22,2323.25,367610.11,22%
6b66c3c14df21f07ea7f57fc8af6517f,2322.32,369932.43,22%
b7984401569369a9695e7d3f5c66c4d1,2315.83,372248.26,22%
2af96708b3cb29cb4e21040fc9432988,2314.82,374563.08,22%
b18d47c9116d2a106291aea1abfd3f04,2304.68,376867.76,22%
174156b68563868e1ed48408117d6df4,2288.31,379156.07,22%
a1a52dda6ac52aee936ad06712027b83,2276.1,381432.17,23%
f4db56f354c71370b4d5dbd25c78b248,2269.98,383702.15,23%
1674724f5fe22d2cf3420bb5f2511c9a,2267.28,385969.43,23%
06e107f212576eccb2e2adc7781c9705,2267.18,388236.61,23%
36b182c39933d55e307096ccc3fd2970,2266.61,390503.22,23%
10e925f935d8bfe0a9edf39378996fd7,2264.9,392768.12,23%
bd5d39761aa56689a265d95d8d32b8be,2262.8,395030.92,23%
10066d6eb46dff8e73177532e722e60a,2252.66,397283.58,24%
8cb5d5e180e4dbdffdc4af261b618790,2241.64,399525.22,24%
6e568303db60ca2bb3aec0b1f9183492,2234.7,401759.92,24%
e7d6802668de6e74d0d6c56565bf2a24,2234.66,403994.58,24%
7dcff1457b8b742e76bd5eec155d2ba9,2225.69,406220.27,24%
92a24fa199710ba33bab157e838a86e7,2223.12,408443.39,24%
244c28a20f4b7a3ea164364d7a3432af,2220.32,410663.71,24%
c3ab6358d2556844d38ed5dbab0b41ce,2217.99,412881.7,24%
038040c89822d9d8f9899972c5673ef1,2213.22,415094.92,25%
88bfbe93f1c2d378de7fb22d588f9661,2207.98,417302.9,25%
2d54c241a27d5c40c9adf389868e0995,2204.04,419506.94,25%
be1b70680b9f9694d8c70f41fa3dc92b,2202.4,421709.34,25%
448fa305155e5a7e114440aa71143832,2190.4,423899.74,25%
64db2343d52d9c28c5b8a94d08352a3a,2187.42,426087.16,25%
2e9ae3e10bcfcc16fe0eedc2ac5f9f6a,2187.42,428274.58,25%
fcc823f0ae4f596e54cd461c145dfd5d,2183.6,430458.18,25%
13c520253ccaf41623e063d5e81c4d82,2183.15,432641.33,26%
75ca64dc8e37ef74840b9c5975c29fb7,2168.6,434809.93,26%
6d7c040dec6d2f6da6a63929bdec436d,2158.57,436968.5,26%
f1539aca62cfda94501933977e2d651d,2155.35,439123.85,26%
99ef3b28b2ab64bf0a00c2a5c9bafadd,2154.82,441278.67,26%
dd43426ee4923b0a1c0dcd48cc1ee36e,2153.35,443432.02,26%
7b6ceb73c7d700281dd1a2fc3d616128,2153.35,445585.37,26%
c9fca216d2d1ece33dbddf9fa36eaa9a,2153.35,447738.72,27%
462bfc136787eae6609ca5890feb3e02,2153.35,449892.07,27%
73236a0796f53d60d4530e30df0cef8d,2152.92,452044.99,27%
68d91c479bafcd184deee1cce5582243,2151.29,454196.28,27%
e69714d6b494f7279512327ebcc01889,2150.81,456347.09,27%
e000c51c02fb75809f4f2864f87fcb12,2150.22,458497.31,27%
c04734728558c8ad7e4b1db771fde5e3,2148.4,460645.71,27%
4f6b63ab9179d2cae7d2b9be48c33271,2133.69,462779.4,27%
5aeae82b1542678ba10c99ca292896cf,2125.19,464904.59,28%
3b34eb193a790f18c1952eca8a964987,2124.78,467029.37,28%
8ad31d01d748351b17d65242d9222b31,2116.01,469145.38,28%
2b5734a6ed90ad9c1ae03b178a28d7e7,2115.79,471261.17,28%
e07f0f4cab25170d8b2d28cf80a38370,2115.05,473376.22,28%
e95fd5cca40cc862687dda4846f9ac00,2114.63,475490.85,28%
185830935eb09d19b034abbab645177c,2111.57,477602.42,28%
f1ae10afb8ffce973dc435056dd3634c,2110.57,479712.99,28%
b30e4f64673460bd0dc5c76eb312267a,2106.55,481819.54,29%
c3ffeaa392284be251124a112629c41c,2105.57,483925.11,29%
a023e60d1438c4241673afd111cd1cf3,2098.4,486023.51,29%
b2a89e46355af5dfd2f26b450d97a014,2096.14,488119.65,29%
f800529518f024fb68b8a716cddbbfe4,2094.44,490214.09,29%
1ad8bdb3f2f3403ef79ad8d80dc8d425,2092.86,492306.95,29%
088d20d5878711d537176871a6e850e4,2091.33,494398.28,29%
adbc189e955a3bf544172851c2160b1e,2083.09,496481.37,29%
91263ec82ca46a8d1ef6d2f0e07cbc46,2082.36,498563.73,30%
e9bca2aac8f400109e997596326d9227,2075.48,500639.21,30%
74be082247cd677a147d83ee670e9d53,2067.42,502706.63,30%
d5c70e33b26d11965027895a8e8cb748,2066.34,504772.97,30%
6db251bad58edca6d53d44638936741a,2065.77,506838.74,30%
3af6cebe5d3701bd4f3b5fc04e34acc0,2065.35,508904.09,30%
95388d69f3c29e5f8a570f9b9b3a104f,2064.88,510968.97,30%
3dd8ceff216c5048e53be249aa622709,2060.51,513029.48,30%
e215081c5233958b3ac345346676f7ab,2060.2,515089.68,30%
f54d024dc9788318f1b4e2ef9c80829b,2060.2,517149.88,31%
77d697d535b401291fd2a9efe2c9544b,2055.84,519205.72,31%
04889e0130acf2e7b2de087d02994ce3,2048.12,521253.84,31%
cd1822306d5e43d356c576efdc0eadf1,2045.47,523299.31,31%
1028ae318a4846d5f21db7dd749f2ee3,2039.44,525338.75,31%
c6e4affe776c84f449dfe5de63939208,2039.31,527378.06,31%
0c792d32a3251b4f69dae8646dfbedbc,2039.2,529417.26,31%
681e1722bde7781f6fba4cb385af0ba5,2036.86,531454.12,31%
9f34131462cd5edccdc9d4db9f7d2bbc,2036.04,533490.16,32%
98532992427099604afabf482a6e476c,2035.86,535526.02,32%
f00870f85b77deccee72bf3ee280785f,2034.48,537560.5,32%
c60a729ffd1915e57d9ac6ef86553af9,2034.31,539594.81,32%
f9e3d57a81a5390d5c19d3d6796ab7f1,2033.48,541628.29,32%
b83ef9a2dc0cb8e6ab7c8db9d3ebce24,2032.04,543660.33,32%
591056a6022efa0e68acb35c04aa2c2e,2032,545692.33,32%
730ec2ba3a8c9b4ce02b938be8b61ac1,2031.47,547723.8,32%
d854800a320bbb07b484f76894e4638f,2031.09,549754.89,33%
d48e06972235c6510cc66cebc10ab77e,2029.62,551784.51,33%
5382e619221117fc8021550996a4e417,2028.75,553813.26,33%
c9aaa3f209648a958d0235415a9045f0,2028.65,555841.91,33%
a43a550af53ee1ce07bdc3ece23eb7a9,2027.65,557869.56,33%
90f95d8ee6174e4409aeeee472735afb,2027.26,559896.82,33%
7befa76e61226aa04ca6b28a5f00d640,2027.23,561924.05,33%
cfc025a164a95cd7206415925d71021b,2027.16,563951.21,33%
c900b2707ddd00c2ba5fcde30c52ee8c,2026.54,565977.75,33%
881ce84e31c104592c93a2e730cf69a7,2026.54,568004.29,34%
50bb775cd30a21ae108d4866abb6d9df,2026.54,570030.83,34%
fc01be5a07da7c0f32af1ffeaf716e81,2026.54,572057.37,34%
b34d6bae5e0a3076568c8f04faad2c26,2026.54,574083.91,34%
7b7f18d5f94e3c25bd66ec35e87383f0,2024.31,576108.22,34%
a983c02db2326fbb498f173d0d9fe068,2023.58,578131.8,34%
44b701cb9a97bd1780bba0d1233d8d12,2023.58,580155.38,34%
b7a4690ba0bc91f249bb7fd25b3be748,2023,582178.38,34%
bac7b04d729fa677b66ba672c6d4508e,2022.33,584200.71,35%
1d38e09bf3ba5793913255c5a736c6e6,2022.02,586222.73,35%
42c0b09d094220a110c0e0e941f76f06,2017.08,588239.81,35%
466dcf5fcdc7c7a8a4bfebc7ce59b281,2014.99,590254.8,35%
48cb41a28af5b64c305fe8c1f1adec3a,2009.62,592264.42,35%
cb2c06446ac914ce396dd4ef8561a4f5,1996.32,594260.74,35%
fdf0fe7cd1365ffdcbbc3b95273a20a5,1995.69,596256.43,35%
dfabe2a9f4e2fc9e248eda9e0d80a369,1992.42,598248.85,35%
fb7c663bd0931abefc7a84181a9e7f24,1989.96,600238.81,36%
b44a611059f1fdd8ddcdaea0b3f2483e,1989.75,602228.56,36%
8c20d9bfbc96c5d39025d77a3ba83d7f,1988.55,604217.11,36%
0288ac534f6ba035350df2527703ed47,1981.22,606198.33,36%
fc60ab8252b98a6e60c51672d7853c7e,1980.71,608179.04,36%
f21be09ed30fde5bcd335c7f3637f128,1978.18,610157.22,36%
5c51fe11e0c3a016201653955c6090ee,1972.03,612129.25,36%
27ab33d6c14857fd5dcca0c26a063d3b,1966.91,614096.16,36%
afa337470e2e86d962cd960ac3bcacb9,1963.97,616060.13,36%
393df32d466d4952412196461ac05d52,1963.14,618023.27,37%
6a37a9c7d62108c3bbd5397b3b0ccd57,1963.14,619986.41,37%
da0e3c0c74aa558e9db33c5e59dd4570,1963.14,621949.55,37%
1d088dea8732788ec35dd4ee6dd76112,1961,623910.55,37%
068830daf2867cadbfc655e6a413388e,1951.95,625862.5,37%
727ab4449f530b9af13f40fa8e528bff,1950.2,627812.7,37%
e91409937a0fd26a57310548858d1762,1949.52,629762.22,37%
aea2cf4df1922144129a0e8c2353a8cd,1944.86,631707.08,37%
0928c1a893356a97b2191a1e812c9914,1942.6,633649.68,38%
853dca88fd662dc5711018f1f7932a59,1942,635591.68,38%
9da31b8e8f438421c5a3f43b0b7a7e3f,1938.74,637530.42,38%
1217bf0350d846210fecc72bfa663ce1,1937.64,639468.06,38%
4d175c61c1054192238fbd35a5e4dcfe,1936.99,641405.05,38%
652179d9b584aea5a6de577d7e707513,1936.5,643341.55,38%
f15f4f73e287b4b7888e4eebc800a771,1936.27,645277.82,38%
019200fa574c9eda0fbc82c71fcc8fbe,1930.34,647208.16,38%
a56e946b1a51b5f351a804c5a3fb0a8e,1927.38,649135.54,38%
cfd6f06e347f3a8389a5fc487a6a3c7e,1925.81,651061.35,39%
38fc30b75b381342c67d25e2f11ccec0,1925.77,652987.12,39%
78f9a490b37c9cd175cd731e24e9b598,1924.03,654911.15,39%
016025d2b068f90498479376f9bfcca1,1916.96,656828.11,39%
7cec2ad3ecf1b10ce543161225a13a97,1916.08,658744.19,39%
c0101b91cb49da980a14e5eb006ab394,1915.53,660659.72,39%
638be9d39246650868db07d10456527c,1915.13,662574.85,39%
0b873e99a8f0f2b3432d1678dc3fd2a0,1902.55,664477.4,39%
ddffe99936ec5bf99f1ea9ad22fde3eb,1901.62,666379.02,39%
0ef4273145d74465c180b6a9fbb9799b,1898.61,668277.63,40%
f19f11ddfa4f4d61154a277408a98d0c,1898.27,670175.9,40%
c69a08ef1c07bde2bbcab44dce1bd0b6,1894.41,672070.31,40%
2353f5b23c907409f668b09d1d2fb9e9,1891.63,673961.94,40%
86be5e5905f155c3f5df8928ee78cf54,1891.07,675853.01,40%
787f1bad1d98254d7d9c7a08dace9559,1878.39,677731.4,40%
b0609e4e1e28ba6d9744ab92d21c05a6,1877.84,679609.24,40%
c4323ed2364aa7cc92db81c5fea0007a,1872.26,681481.5,40%
7dacda3efc762f10146d7d824846c015,1871.64,683353.14,40%
d27699950318f5683014e2d58dd75cc1,1869.8,685222.94,41%
8251d516855b284bc530f8582a1371d8,1867.85,687090.79,41%
cb87122c4871e202777cf243fbea2d12,1866.7,688957.49,41%
d057951b2e010930970d111b015bc37d,1861.26,690818.75,41%
f7979c0a310f63a72ea83fd0f2c1de82,1859.1,692677.85,41%
25dcca1d4dd5e5ae818c2eb083b3d177,1853.75,694531.6,41%
ee517d3a38e003aabc2dc2b08a0bc6fb,1843.85,696375.45,41%
f3f7e581618408da1e8d5ebe236082b3,1841.75,698217.2,41%
c622c9f760ecd07e8910f01da1a8efa8,1841.11,700058.31,41%
b127f98da96cebf7699050a73d8826d9,1839.05,701897.36,42%
3afe43b81b0d102b2ca5138ab53f418a,1837.16,703734.52,42%
7085964d18945061bea7d21f3a4f3c1e,1832.54,705567.06,42%
30c8445ed3d74b38901bdc6dd9d90e9e,1830.99,707398.05,42%
78eaf64bbec5be698446f147a94ff08c,1830.9,709228.95,42%
0dc8607bd2a9e3ba0f6f779a34fd8f1b,1830.12,711059.07,42%
1e12754604af85397680cb28482f73a6,1828.41,712887.48,42%
1a5967d84c2fb8d6c22c6eff14643058,1827.72,714715.2,42%
789866f98a4d051812a2ad7e9c2443c0,1826.34,716541.54,42%
d7c6f5abd3a5d2d8104fcfcd7d532537,1826.07,718367.61,43%
2612bdea8da13840fcf41e580f3aecc5,1821.87,720189.48,43%
cfebfc0e3c40c12fa6153e1e76d2685c,1821.82,722011.3,43%
349f53f02e5fd1cf1a2a9c7faf422363,1818.23,723829.53,43%
05748049eafd0da8f0a37ce5cda4dce2,1817.54,725647.07,43%
7a58ad4933a353bfe3152b324b6af16b,1816.11,727463.18,43%
674a31639c206a92e7077f033dcd56b7,1814.29,729277.47,43%
dd265b228bcddbbb6142d6e9298da605,1812.33,731089.8,43%
800631fef0a782c3a8efe7d8071df64a,1810.5,732900.3,43%
7b4af48119080837db56a8c7d53ecc08,1806.68,734706.98,43%
91d5a00f873221953fecf0445846876e,1804.05,736511.03,44%
90f0014eb4ff7a436c6505ac7dfe2a27,1803.24,738314.27,44%
b86c6a1eec592676b0ab050e49a54c20,1798.01,740112.28,44%
399c706d8c2c93239ebf9f0287aad6c1,1797.73,741910.01,44%
798c892185a68de46c66da84b8c3031d,1793.23,743703.24,44%
502e8addaeba926b9c154da9f3bbbecf,1789.02,745492.26,44%
ff1b3169e72d6d5f7ec72eb1d232e2ce,1787.72,747279.98,44%
6141c2f0b2588d5a833cb947ca6c1a9b,1784.2,749064.18,44%
d5dfe91af956d7349cbb8ef18653c6de,1783.7,750847.88,44%
c1474a24d28e0702ff76d03b5fd3bbe6,1783.44,752631.32,45%
7606fb21cf20a7b04dcafb032d1e9ecd,1782.55,754413.87,45%
4bec6258afa662db2ba5c04e01df955f,1778.01,756191.88,45%
d88f8c26c57542970a3db88923164c9c,1775.26,757967.14,45%
97697c5f77b484cb0cec9eaa81c679d5,1770.72,759737.86,45%
37eb443380c8aba9174ef0dbe858fbe4,1768.4,761506.26,45%
4a60b2ce1ee8c7b828e4bbcca5b86b41,1767.1,763273.36,45%
3069ea492e72b967405163189ad0c29b,1761.64,765035,45%
10342b679b1e6bca244ffe405d8b3034,1759.26,766794.26,45%
a9f4551ff7d2289c309aa713c0d26cf3,1759.04,768553.3,45%
5b826d45bac1f4475b031f62e649668c,1757.41,770310.71,46%
5c9d09439a7815d2c59d2242d90b296c,1756.1,772066.81,46%
9cb739dc712ebd193e4eb94f3aeb8d20,1755.35,773822.16,46%
ddebb2c1ef54d5d045ebfa082cf869da,1755.21,775577.37,46%
aaaa1ef4f90f3cf6cd099870ea77e99a,1740.39,777317.76,46%
e464bacc73c48134f460e289a5f0baf9,1738.17,779055.93,46%
67ada02dc1c10400e1bd19e1d84541ff,1736.3,780792.23,46%
136531654012e2483205dc3be3076c58,1733.7,782525.93,46%
3b6fe3d556f810c109eb9987775e8aec,1733.34,784259.27,46%
17a124500c28c0202b563d221b84062b,1730.87,785990.14,47%
7372fb39ddd5b2bcfb9466a66fa69dd3,1730.87,787721.01,47%
0e7728da0deb73f150ac54bb55a2356e,1730.04,789451.05,47%
9f494ea8a1d67d1e6e22813311751679,1729.98,791181.03,47%
e1da85c44ec16ca1c253fec643d257ab,1728.81,792909.84,47%
2569d6c5ed547bf0feaf37e32677fdaa,1727.67,794637.51,47%
faac83b2c331891dd609c7b3626aed85,1725.64,796363.15,47%
2219bb6754bfa36cf2b30d3de337ec81,1724.04,798087.19,47%
0fca9e1dfa39a880a6f0ec6ecbc774ad,1719.92,799807.11,47%
9d5b4e1c9cea65d80c0d229f2f51f8a0,1714.21,801521.32,47%
b8413f7f4483d2539434ada199471a33,1714.02,803235.34,48%
eeb4e8c7ec332a97a5f407a634f69cdb,1711.63,804946.97,48%
54438b94370217a9ec2bc0a5d8ad8871,1710.18,806657.15,48%
b0f06b1979dedd3f28f8f0d5e4ad08fb,1702.35,808359.5,48%
abc0fa957347a7c2e0e03ca51ba0d413,1698.56,810058.06,48%
72dc419d76a248bf7709fccefbf4731d,1697.45,811755.51,48%
a010fb2d681cc3221824b1d1d127e59c,1693.31,813448.82,48%
b275c7d392742ce887821e789281f91e,1692.59,815141.41,48%
e6c386cfd321a1708aa60ff6b8f46449,1692.05,816833.46,48%
7c3c95a24ec40f62f817a4b46fa1130c,1690.95,818524.41,48%
4ee7fc32553f4f1cda85112b9a2719e3,1683.41,820207.82,49%
e9590b1476593f300b06fa2216af4c35,1683.14,821890.96,49%
14d2e011f94561a55aa3a97e0deff19e,1682.92,823573.88,49%
7df3b87f2d42e48d389aee0e1922111b,1680.25,825254.13,49%
d7dfcfd41adf9bb80e3f2838b3be52b3,1679.63,826933.76,49%
ae32169ba42b71cae81b26a243c88254,1677.31,828611.07,49%
9a0554df88040ba929121aa2f66bff47,1675.71,830286.78,49%
b45ea9acbd0aea9a6cf36bfefb9675b6,1672.67,831959.45,49%
f6a8aa90561b6aadf46587268654ff4f,1672.08,833631.53,49%
4f24e59afa7758f83c982b1186a14ccc,1672.06,835303.59,49%
ba160084e4df378993113c061b5fdb9c,1668.74,836972.33,50%
ab85c1abaa5e143a652cb4f298fa5776,1662.02,838634.35,50%
935b0e35c27eff20b89b6dfe7753d31f,1659.84,840294.19,50%
73de624c5fa35f4c6207d7fbd1f87c3d,1658.81,841953,50%
d72181923840c8895462ab0fd7937918,1658.7,843611.7,50%
983ae657212d91e757e6413c83d2c3ae,1657.57,845269.27,50%
7adfc76578b9a1d88f2b3f7b45d00e7f,1657.11,846926.38,50%
c98bc4064c2da2e8f87a2476bc07a5b0,1655.6,848581.98,50%
415c13b4489f9e0714a91d93d347f924,1654.46,850236.44,50%
4c8f87ae1692e8e9cb90458557bcf4cb,1653.6,851890.04,50%
ec5637e1b926c79b5472bd41d67882f8,1653.6,853543.64,51%
3c12c66685930cfd507eb4201111b516,1653.6,855197.24,51%
4442ce3a2d4bb4bc6c5752a8dfb37806,1653.6,856850.84,51%
9b9681cfb00f0a6f1723cd1d4f0be965,1650.56,858501.4,51%
76221599b5047cd29f7df811370e22d6,1650.18,860151.58,51%
9ac5cdcba84c5425f84b159685728624,1648.64,861800.22,51%
606f7c772e826808d23dd8c1cb343fb3,1645.82,863446.04,51%
2131f859f33715756b10efb97d873a85,1644.76,865090.8,51%
ecb76cdf1d50c4f7e5395c07f1edf46a,1644.57,866735.37,51%
94167b0d4256412ff0bd9e2184e32f32,1644.36,868379.73,51%
7ce1d85a1d02f0b8e37e552259c8fb79,1643.64,870023.37,51%
b95975b682b09a1890557a1ab4021873,1643.64,871667.01,52%
135e503efe2b8d5fdf89541557c5aa37,1643.04,873310.05,52%
b97669f12cafebbe9441bf4af0a8fe2a,1642.54,874952.59,52%
90753daa6413261a983655426ca2ca9c,1642.11,876594.7,52%
84cf1452a953df8b88613e6faab1b40b,1641.51,878236.21,52%
812620275ae6895f00773306dfc75769,1640.6,879876.81,52%
c9607e9e58a2fa52ddfc9049b12e6cb2,1638.72,881515.53,52%
159132ab31eb3c8a1061ed18967f720b,1638.35,883153.88,52%
d1f24011654af00df1a8326c6cb8aac1,1635.64,884789.52,52%
ed7c9514731cc85c9cd18dbf8115e8b0,1635.64,886425.16,52%
17b48c3c14659979aca9d9bb5e057dee,1635.64,888060.8,53%
61691ca23f39f8e8e2d01afdc2f00e41,1635.54,889696.34,53%
6d22de51ac143b9d3c0f64d53788ea12,1635.51,891331.85,53%
7ceb6bd264a93011d92f29004d2fa854,1631.94,892963.79,53%
e3e4e76e7ffd5eb15e29a7a18c5560d2,1629.33,894593.12,53%
0bc92ea0f454d4bce3665b5716cfa58d,1628.6,896221.72,53%
800967a7a5167197fb9b1d50a2ef8075,1628.6,897850.32,53%
89c46cb52627885f021d66d9af2b46fb,1628.07,899478.39,53%
a2593be583c3bec897ec5664bb6e4770,1627.84,901106.23,53%
c4c271a679216c43812602c08b2104cd,1626.83,902733.06,53%
89644ae442e654506e57ed7604a7ec73,1626.65,904359.71,54%
a58973d74af74554a3396964dc19c1ae,1625.94,905985.65,54%
b40a20f4014af9d16d3239b690c5a626,1623.94,907609.59,54%
259d52789dc5f2323c01238c73a28abc,1620.77,909230.36,54%
bb70ba0acc9ac14d6ba0356f598f4bb0,1620.77,910851.13,54%
88324c93ce11436ae046563bf0da285c,1619.73,912470.86,54%
448e41e75cc937589f669fdb39577f53,1617.84,914088.7,54%
8e6d1663d54c1c7aac1cb0bae73df8b4,1605.14,915693.84,54%
61a7c7e572b59b43e4949306cc785b67,1605.14,917298.98,54%
e54e09bbe2be2674c611aa7a6456a8e7,1603.25,918902.23,54%
2a1f6d64684615ad73ce7d05586115ed,1603.08,920505.31,54%
ad21255ff9650ff11d50513eff3eed15,1600.51,922105.82,55%
1dbc055ccab23ed894267767e268e8a1,1591.24,923697.06,55%
daee6b701a5a602c82bc88c89b25e03b,1590.25,925287.31,55%
a2ea4194defe74e061e09d5edae0f67f,1589.57,926876.88,55%
8d14023e66eb2ea7ce18fd20e4985b00,1588.92,928465.8,55%
d8acb46c718975948423dbf1b603b959,1586.47,930052.27,55%
ee71738b499b48c62028729cc9fcb5da,1584.96,931637.23,55%
7074bf81824d0b653d0f13bc3b846c18,1583.71,933220.94,55%
4fc9e35cc1c1237488346652e2487231,1575.05,934795.99,55%
df2af8efbfb8b719e19e7e08d0017759,1570.79,936366.78,55%
774a93f58af283167817a7a186680553,1570.21,937936.99,56%
cb2daf3eedb65b061c0db7e981660829,1568.72,939505.71,56%
d0e4ede0ade3adc750a7caa060dfb000,1564.07,941069.78,56%
8a71eb0a0092b48c6cf685f059bf0940,1562.57,942632.35,56%
f19beee41a937253515eac4b47aaa81b,1556.7,944189.05,56%
72892c89f327bcf5bdbf99b6be13eb5a,1556.67,945745.72,56%
42ceed495d827c53515fdd269934ed96,1555.23,947300.95,56%
73a6fd83d86ec00cea2c16a45be6a8a5,1550.68,948851.63,56%
9a2dd61cc19001c3ace30736bb37b2cb,1549.41,950401.04,56%
dcb1185961f747a1b343ad31c2baadfe,1544.62,951945.66,56%
75e945badd2a39af63ee8c8b05af8fb3,1543.25,953488.91,56%
144957a2e04105304fc865b8c59e13a4,1541.7,955030.61,57%
c7eb06383ae604616cb4c9d36fe6745e,1537.04,956567.65,57%
bf17225a188dcade4977ee362920d1b7,1535.22,958102.87,57%
bea0b054bee4fb73d7696824ab10084c,1534.98,959637.85,57%
729b15bf469f3b62d400f30ad18e7395,1534.58,961172.43,57%
134339079e12e3d40c72a5c3025c021f,1533.62,962706.05,57%
ac5fce3f511bfbc2099eeed240a1194d,1530.5,964236.55,57%
288f90dc3b55afaff2904553fa5cbfe0,1528.99,965765.54,57%
240316d3cc8d0622aa5a02aa0de18115,1528.99,967294.53,57%
e0e7ee625cb2646f1049f7602dde6d37,1528.03,968822.56,57%
3f0b493fe107e4453cc7c9e7a8f57f29,1528.03,970350.59,57%
2f602347f836fb37d192a2bc4798a471,1527.51,971878.1,58%
d24e7b7be23c2ba1000d85d181c968cc,1526.26,973404.36,58%
3d4bc7f585bc0534e4a0c00c086721b2,1525.78,974930.14,58%
227a79ef99a0af837f323596c76bcac2,1524.24,976454.38,58%
7a40171d9866d44cdeb70537d2727fc6,1522.99,977977.37,58%
ca90771e164c2fb0236f757caa80e13a,1521.75,979499.12,58%
28c2bddfd0115acbff6e0f9419f5b2c2,1520.77,981019.89,58%
86c608f34ba6e73337c7fb6bb4db336b,1520.77,982540.66,58%
a8416fc432d7c6de9f5ac20b3b713e4d,1520.71,984061.37,58%
c330f7967c92a086239c675991cb6aa6,1518.55,985579.92,58%
6d810c063cf4f8b61034a89103ae9cba,1517.7,987097.62,58%
0938950f35a397c0373882168b080808,1511.86,988609.48,59%
b366cf48c2ccad341f8e7aff1658f511,1507.56,990117.04,59%
ec56b6bee3c781e39de8d735fa29f1c7,1506.68,991623.72,59%
37589709e8da3fb3e3835c7c7b942de7,1506.05,993129.77,59%
15a4891890d4d0a7262782ca51ed93a6,1504.61,994634.38,59%
2bb90453c5b070eeacd965903f376375,1501.45,996135.83,59%
7ac99a97fd540a8add7900eec14ecc2b,1500.19,997636.02,59%
9e73bdfbdae3df7c758e2c049c16265a,1499.87,999135.89,59%
318168026c8d63d150f69ebd54c3d887,1498.46,1000634.35,59%
84e3f5e3a5b64618391c80a3df331d2a,1493.45,1002127.8,59%
1979a929d283342dbba6654a2e2fc4a6,1490.53,1003618.33,59%
7afdb6b1737919a448daeb749ee49758,1489.47,1005107.8,59%
98ef9188ce9357bd77f60150a935c7fb,1488.59,1006596.39,60%
5482e393d424f7c7a91385e62ff29fdd,1488.14,1008084.53,60%
9d542a8821d0d62a8e1a21d61781b90b,1485.31,1009569.84,60%
72a4878a79935a45e5acec3b541af15a,1482.42,1011052.26,60%
91f92cfee46b79581b05aa974dd57ce5,1482.24,1012534.5,60%
d8724f5c495f80e4e4cf56b8be67668d,1481.03,1014015.53,60%
284e326e8a71e55bdb0b210ddfabaa27,1480.73,1015496.26,60%
a5252e81424e5fb2c7ddf01256cf94e0,1479.51,1016975.77,60%
281fb8b9868caf9889214e5a8d56e271,1479.51,1018455.28,60%
687f63c64f1b99fbd97d3d1e940c781a,1479.51,1019934.79,60%
0732c0881c70ebcda536a4b14e9db106,1479.51,1021414.3,60%
bf5b4a36dd34728d4ef30e6085f22ab3,1479.51,1022893.81,61%
547a0b4f2de7e4276e3cf1c92f15dcd6,1479.51,1024373.32,61%
e6db53dc3619628a8e024f3e1f4abc86,1479.51,1025852.83,61%
73522d9ec5b4e4b71550fc64f77cfa27,1478.95,1027331.78,61%
e52b71f689001defd2ddf659c41e7324,1478.48,1028810.26,61%
08efe453abf9faae610fb606c1d7bbdc,1478.45,1030288.71,61%
92f640eaa92da7fa7edc6ea1cdd54814,1476.8,1031765.51,61%
86bf8cd37ddc4f324fa6d2c1607f443a,1476.07,1033241.58,61%
41a940125f7b30d8219a2672baba478c,1475.08,1034716.66,61%
4433a42a21cf55f9f413f4063c244dd4,1474.76,1036191.42,61%
4d878374bb178e7ea50dfeb9e269c7f5,1474.42,1037665.84,61%
ffc0c21bf66cb129c62d8f89ed19c26c,1472.47,1039138.31,62%
f6c39f83de772dd502809cee2fee4c41,1471.51,1040609.82,62%
51478fa6f626871ba9023c80585e4952,1471.51,1042081.33,62%
d1ea8164411774eb6b46718f894eaace,1471.51,1043552.84,62%
3faee0bb2909b67bc79d9f5650f728c2,1471.51,1045024.35,62%
fe5113a38e3575c04f5a3413100d4e48,1471.51,1046495.86,62%
5ef96fa144b65e2a90bde1f64b2fd5b8,1468.45,1047964.31,62%
c48f80d49ae289dd9a54abcec2ba76bd,1463.37,1049427.68,62%
68ae86b97d6adb244de7a0ee88a7585b,1462.65,1050890.33,62%
7af79c8f9ecbb3aa777e5688430cc480,1458.51,1052348.84,62%
e36e321d6221a2d35b686a0ae10b4323,1453.3,1053802.14,62%
bc3d576cf17f2ee6476cb6f8d34ffb54,1444.62,1055246.76,62%
9f03c12d78d5dfec18b888fc6bc7ecb7,1442.84,1056689.6,63%
f0b595a446e1c9dcfe68e3cd35d7d380,1442.79,1058132.39,63%
3f4c1215f72bf4746c1cb05b436e64f1,1442.15,1059574.54,63%
78fc46047c4a639e81ff65f0396e02fe,1440.1,1061014.64,63%
f6417110d62f24e1b4cf5a09b62ae4be,1439.27,1062453.91,63%
7e779aeb9722a44ac85680883c9ee20f,1438.23,1063892.14,63%
60c3b5e9a49680687f57dec245ff4878,1437.64,1065329.78,63%
4aaf2e132ff894de3976a232d80ad20a,1437.15,1066766.93,63%
d332b2c8f76002bd5b5f7a0aa166fc25,1437.1,1068204.03,63%
68e79cc3fee7ad5c306be406d94afec7,1436.84,1069640.87,63%
6f241d5bbb142b6f764387c8c270645a,1436.46,1071077.33,63%
e4bee874d6368c127e7ca2a6fd7545ff,1435.97,1072513.3,63%
c3e330dca0531fa7992cd8aa1628f979,1435.58,1073948.88,64%
94ac84bc898f972e862ef42c86ee39ea,1433.04,1075381.92,64%
956db7328e406f8d4ff14c4763d8956c,1432.92,1076814.84,64%
8584b76166e1999bbcb0347b7e8aa5ff,1431.63,1078246.47,64%
403c76bf4d3111f8c5518ef8ae0349b6,1431.33,1079677.8,64%
797472460f0cedec7cf30016d1304f63,1430.91,1081108.71,64%
250dfa98c84cdde19347af0428388a8c,1429.59,1082538.3,64%
978fa5a467a746e14b62c2cbab1a261a,1427.58,1083965.88,64%
46e0d12aabd5f68050e1fde28849e8df,1427.25,1085393.13,64%
b829375aba0fe46daa0cae92cfadfa95,1427.04,1086820.17,64%
1b8251534223367e329cc7605f5d4a49,1426.81,1088246.98,64%
39fa7824ffb1f851a35059b1329d3d6d,1426.58,1089673.56,64%
4f0da4955b04c7b24168eecf63581092,1426.57,1091100.13,65%
f716918648ce7de63976aa640b0c885f,1425.56,1092525.69,65%
1e43e8b919aefb09fc5004e3b46a14ef,1425.56,1093951.25,65%
14f1aa9f09ea57b04d0cedf0febb33c4,1424.45,1095375.7,65%
d5f904394797111628341b09859b9033,1424,1096799.7,65%
a9dc96b027d1252bbac0a9b72d837fc6,1423.55,1098223.25,65%
849f4c3ce60179d983c950271c580b7f,1423.54,1099646.79,65%
1ecb47d23dc8203cd101549966ee942b,1423.52,1101070.31,65%
a46a646a753f6ff3ddca8e7532a6889b,1423.21,1102493.52,65%
7e316274286ef7d20ccf81dc106594fb,1422.05,1103915.57,65%
5e312b0d9bf5c91599eb42120e633b19,1421.69,1105337.26,65%
b115c9e03fe6ed4c0b0ad50733f1ae98,1418.86,1106756.12,66%
4a438a83f19e019e648366017858bad5,1416.95,1108173.07,66%
e8f78b7883f7712e1d0fb7a2f59fc38a,1416.7,1109589.77,66%
809bd95c2a1c148967634227e843316b,1416.41,1111006.18,66%
603564505956f89291ccd8427a206a2a,1415.8,1112421.98,66%
e1e09210e58d30df8e147c5a53eeaaf0,1415.66,1113837.64,66%
3d8d6040155a88249b41c00fde1e7629,1415.66,1115253.3,66%
b4d23b30963fc02dd0e8f2ce917b2ecc,1414.7,1116668,66%
dc7cfdba05837cc07d53bf3e8ed07da5,1411.62,1118079.62,66%
6c9248ca8a88d31092ae006ff63b12a4,1411.13,1119490.75,66%
e2fbfd87f1077e0bdd44a5adca62c65f,1409.12,1120899.87,66%
7edfd764e07775e2990a885b60f84141,1404.41,1122304.28,66%
222e4c4d91c814cafc5badfe6a02c574,1404.24,1123708.52,67%
fa4de7819dda8ca15bf86e413ba6473f,1401.85,1125110.37,67%
1d34ed25963d5aae4cf3d7f3a4cda173,1400.74,1126511.11,67%
214c9a1e18b8592e8a56bfcf31514b9b,1400.33,1127911.44,67%
ba441b699aeb3bb9afd7ec9c732ec617,1400.03,1129311.47,67%
702e844f1c2e77ce0d9cb9211c7c19e4,1395.76,1130707.23,67%
d2fdd1d3725bccaa0900e360a985398f,1395.76,1132102.99,67%
0edc831063e713610ad25d10ffb74848,1394.77,1133497.76,67%
74caf64e68fcb4dcf49a9e3b1766922f,1392.37,1134890.13,67%
ed189d4d749b9877a2aa93d9d32f339b,1391.89,1136282.02,67%
4227cf6df4208d3ff1ce0aaa14e265a9,1391.79,1137673.81,67%
079e85f42f5af80c74240b97b7a4dee1,1391.79,1139065.6,67%
b76637cd3591c558ba3f6be59f0dd883,1391.39,1140456.99,67%
09e3aaa17d44116c17b6627e5e9630d7,1391.35,1141848.34,68%
a315cd43cd43a1eb3c0f4d21d65f6628,1391.35,1143239.69,68%
ac56247052dbfac8b7453c1a558aa83f,1391.28,1144630.97,68%
010be179fab38706ae5cf77170b038e3,1391.13,1146022.1,68%
f428a58d33c31b091c8ddd33ba2362f5,1391.13,1147413.23,68%
92dd835c0a01f474014b0a888b5bef93,1388.98,1148802.21,68%
4eed76c1aafeceac4250e202ca9b1a5a,1388.68,1150190.89,68%
219206b4c12d07b51871ff11895c2351,1388.43,1151579.32,68%
9913942a9bd26b840c4d19db0cbf6b89,1388.3,1152967.62,68%
3a486addcf71802e8445e303ab0a09e3,1384.74,1154352.36,68%
7d66a925cb032def39bd1476c0cfa518,1384.73,1155737.09,68%
728b0d27ba5108af500fed741b7be449,1381.87,1157118.96,68%
d64c957183fc8d75e536e89468feccda,1381.83,1158500.79,69%
897c8801e3fd285ce1196daed5ae2de7,1381.31,1159882.1,69%
efa2729fe65e29fa63ac050b9f9fe3df,1378.79,1161260.89,69%
8d4fbbdcabdfc2f9b1f52cd523ea5865,1377.99,1162638.88,69%
738b086814c6fcc74b8cc583f8516ee3,1376.45,1164015.33,69%
31c45b49a140bc7c8a9bed80e74e8660,1373.83,1165389.16,69%
96247f13c0086e9d96b945227b7f8f25,1373.83,1166762.99,69%
344ee65ac116bd585ab8ee04a18597e5,1373.83,1168136.82,69%
360049d2896a80d7e24f60c1deb01ebb,1373.19,1169510.01,69%
cc4fef4299b231a913af5205feed5e36,1372.25,1170882.26,69%
1dda9292985a1cff6f564e142b6a430d,1372.22,1172254.48,69%
1107a610c5e1caae0ff024795cdefb73,1372.1,1173626.58,69%
a86efb07b29b0ab31a5c6047c600edab,1371.88,1174998.46,70%
e84f200509c18b8bbcd78d607138feb3,1370.41,1176368.87,70%
e012356cb110daaecd8c1a2bb66d27f6,1370.26,1177739.13,70%
a291b9db0ab85d73c7f687f11ea290ad,1369.63,1179108.76,70%
09c5713746fdfa37f1ca6a92242da406,1368.87,1180477.63,70%
35cc79f94883e64adef77f344e09b7ec,1368.11,1181845.74,70%
cc105d22219939a0d681e14ce6e38791,1367.75,1183213.49,70%
fd646e095aeb71e4fe6669efdf04fd53,1367.5,1184580.99,70%
cc9e69978aa877c0442093a193254a67,1367.23,1185948.22,70%
19f1813fb62eb7c453af714dc1211d73,1362.37,1187310.59,70%
18216abe719d24c5faf04c82abdf5e31,1359.47,1188670.06,70%
48c4bc0a9a1ef619c41c102912dbf1a0,1359.4,1190029.46,70%
df25809d2708a27863310205e3e224a9,1358.75,1191388.21,71%
330ada1157ac9512d0a23430c6b771a9,1356.8,1192745.01,71%
c5caf3ba9c0bec1cb22624b0759839fb,1355.73,1194100.74,71%
b259aacf66c74aaeb0d7c585e1a35be4,1354.8,1195455.54,71%
66d376416dfbdcb87ddc1f2384d343ba,1354.09,1196809.63,71%
7c551622beecf95bfb83f5dfb921191f,1354.06,1198163.69,71%
693d7169ea4da2b4cb918c2c9b7e290d,1353.28,1199516.97,71%
4543b7479c6d4c5d2a40900b26791211,1351.94,1200868.91,71%
ec690140f77f5ff4c884704c976e3489,1351.51,1202220.42,71%
7ca107237a9bd4f07595806d73b75edd,1351.51,1203571.93,71%
c36218bce6a33d4814601c7744386d9e,1351.51,1204923.44,71%
dd3f1762eb601f41c5e289fa08dbc6bf,1351.44,1206274.88,71%
1ed4be846471fc0c529d51f2f8274c0a,1351.41,1207626.29,71%
36da15e62a3ecf96427337aba9139f2e,1351.41,1208977.7,72%
c3947473905e62657d38b7459a6a45b2,1351.03,1210328.73,72%
aee140539d699da4a18bbea33883c861,1350.5,1211679.23,72%
881a405c751425d875c534cc9b9633c9,1349.16,1213028.39,72%
c455144b0c6e78f2574b7a92f22342cf,1349.05,1214377.44,72%
41b3c5c585822fbdee3b0b136b9696c4,1348.67,1215726.11,72%
fc33ae751a438446b4abb5962e5252d0,1348.66,1217074.77,72%
3689abfed7e332a5cf585915310c0056,1347.96,1218422.73,72%
3a1e5902bb274b86dd980f371e207651,1344.82,1219767.55,72%
7f02a8230a3ff5c0888ea3a2c8ae618c,1344.46,1221112.01,72%
1f468c5a64641a32137d557ade625dbf,1344.36,1222456.37,72%
291077961cb657f8fcee35954f5ee92d,1343.44,1223799.81,72%
023cf83ac35d703a6f3c1b31bcf844d5,1342.98,1225142.79,73%
f0d62fcceaafaea74a143d7fce54f1f4,1342.63,1226485.42,73%
27445a8aa8d9efc8dca27a651b61533b,1342.63,1227828.05,73%
15c9f479d7e7aba1663ab215517f9310,1342.03,1229170.08,73%
be55f2be3c967a6b77b75158d8d6260d,1341.55,1230511.63,73%
46f6a5bae4ef97e9769697f718523353,1341.45,1231853.08,73%
9b678f5f6f471e1282c0524ebbefa782,1341.26,1233194.34,73%
dd977fc3619f271f431181f90e305a1f,1338.51,1234532.85,73%
6482c915ec997dacbb610e3e6cf6c6bd,1338.51,1235871.36,73%
ac12022931d88a2a8688a62d0f583f51,1338.51,1237209.87,73%
bccacce2d37971951fd3e82965330b87,1338.51,1238548.38,73%
3c984113b6e566d2dd37ded86c65eb0a,1338.41,1239886.79,73%
f3fd434cefcc530bec7e71f31a914b60,1338.41,1241225.2,73%
c2b15e2fdaf53bfb90b245f2ad21d94d,1338.41,1242563.61,74%
f959b7bc834045511217e6410985963f,1338.41,1243902.02,74%
98b57da4f6372460e9bd54e2e4491e0b,1337.19,1245239.21,74%
22f7df0fe6413ce90a307df4709e8931,1334.28,1246573.49,74%
4632a65b0ff3f7df3e6d9b9bbe11380c,1334.03,1247907.52,74%
23fafaadc0b11501176401ba0003c22d,1333.55,1249241.07,74%
63bd88b83df0481864b79579cd2d7f6b,1333.25,1250574.32,74%
5986b333ca0d44534a156a52a8e33a83,1333.25,1251907.57,74%
38e3937c97e049632e77de6d05648412,1330.88,1253238.45,74%
83379feb9c6a054d1019e9a079775a3d,1330.2,1254568.65,74%
79c153310ee3cfd3c2a760c9798b179a,1328.59,1255897.24,74%
dfb6e825e171551578e57036f73f2190,1328.08,1257225.32,74%
fb3c17a0741fbb9e328d54374a56f2cc,1327.72,1258553.04,74%
19ac278967f42fe0240c4823824594aa,1327.54,1259880.58,75%
939b209dd2a56cc6fed22e0a40b805fe,1326.85,1261207.43,75%
ba2ad8b23fe2a0a45cdb33ae2cc42b98,1326.85,1262534.28,75%
a47703d55341244bf9e82521834ad64a,1326.79,1263861.07,75%
819de25ead97f171c5aca3e76048c843,1325.44,1265186.51,75%
0c3060b6e196ea68986b130a86c8ea08,1325.44,1266511.95,75%
448cc8ddc13987be1c7826486e187eb4,1325.32,1267837.27,75%
3c3c45651f50bb4b13a4de268cad02b0,1323.79,1269161.06,75%
f4af9116429bdaa90732a4ad05f1db2c,1323.3,1270484.36,75%
c75bac65cdd6e3bafdd4398e63a3b0c0,1322.97,1271807.33,75%
da90cf906fefe43638ea19d590ad987c,1322.97,1273130.3,75%
d99a2c8000e14e11c6cf41a2352a9e91,1322.69,1274452.99,75%
e5640b8b65bb7e42d7452ef9f82aba5e,1321,1275773.99,76%
8d2acca6ee811590f42edb3d305d1228,1319.32,1277093.31,76%
00c634fb2feeb4e2767a916c2375c9b8,1318.06,1278411.37,76%
67ff232fabe29e1081733ba663d07e53,1317.9,1279729.27,76%
bfc72b25d90e16298aa5735c248d08f8,1317.36,1281046.63,76%
070571ebd72c8abf80e793aa0faa32f8,1317.04,1282363.67,76%
368f207cdc8f5c93a2b2a5d4cce96ba8,1316.14,1283679.81,76%
fb51887c8244b5ca1d8f1f9e1b3bf4e7,1315.9,1284995.71,76%
6e8de979438f491f476434cd1fc85325,1314.99,1286310.7,76%
fd07281333f163bbc2a3f2b71d6cc549,1314.95,1287625.65,76%
bb5fc199a7fb4028471dc5325587f0aa,1314.86,1288940.51,76%
544718803ece964e5c1d0b3b3cd751fc,1312.67,1290253.18,76%
42db1aa24e501b47e6dfca5bb3bb0dad,1312.67,1291565.85,76%
6bdf92e9fc8278f946ab67d15ebfe4ff,1311.46,1292877.31,77%
4e2e3f18675718bb133c6de3369677c6,1310.95,1294188.26,77%
373facce3e17d33fec7df11c961c6ff1,1310.95,1295499.21,77%
cfcd303b7ba5238f33ca2162b958f4ab,1310.23,1296809.44,77%
0179f2f4c32e0b0c2a4cb0d57e7d5a26,1308.18,1298117.62,77%
ee293069056334e9b2076d69f4dfc367,1306.26,1299423.88,77%
08c8ccac72cca999d16588dbf7369104,1305.51,1300729.39,77%
9753c2c195f620cc509d22e390197c02,1304.02,1302033.41,77%
09e01f974b9533109a46281624e39808,1303.5,1303336.91,77%
ff31bee1ba4bba00cc14b1b91c8d28f3,1302.42,1304639.33,77%
dcdc259ec5bacca962c1ea9ba705b4b1,1301.01,1305940.34,77%
ed3a94d132e06f96fa99c1f1640496db,1300.57,1307240.91,77%
6d0e9627b2c860cd1687fc903c29c6bd,1300.57,1308541.48,77%
788e845925ff64c9df5d8ba40e28cf50,1299.28,1309840.76,78%
06d478ba352a27a5167f3de441af9f59,1298.1,1311138.86,78%
968229662999151cbdbaa3ee0460b448,1294.26,1312433.12,78%
e22692ddc6613e893c0e025a2dd60c52,1293.27,1313726.39,78%
b90476f60c15ab27c1b5d23728fed65f,1293.26,1315019.65,78%
c4184e264c25f060e2022b22c098ab18,1291.39,1316311.04,78%
c4652b51edab50d87139ea73e4cdfc2e,1291.39,1317602.43,78%
ef1c89da7452383e32640044013e8382,1290.79,1318893.22,78%
d036f891452cf38a560fadbd4021580f,1290.32,1320183.54,78%
575208314408a44ef88dc470406e361c,1289.5,1321473.04,78%
b314ce6682d125675e0981115f658d98,1289,1322762.04,78%
bca5625f843661186a352a2c160843ee,1288.74,1324050.78,78%
dfc2e5ba198bff36ab53800fd43e0644,1284.78,1325335.56,78%
e90c7c2a0170c97fee91e5e52c53631e,1284.25,1326619.81,79%
33add7528833f57795e0549ea17dd0b3,1284.25,1327904.06,79%
48c10ba322728565bb90db02e2ed0707,1281.12,1329185.18,79%
fb30a7e74e10e5c8f5e3bb22cc03430d,1281.12,1330466.3,79%
dad721ade2b490dbcc54e62212129467,1279.1,1331745.4,79%
b2948d9d07f52967e94d91d7ad999c91,1275.39,1333020.79,79%
be2e45cc0094d2ca20f16e31924f389f,1274.51,1334295.3,79%
ccab16a93f386fab2c64bdaf71cbe1e2,1273.16,1335568.46,79%
5dda90aebacf065a80afd8b35cf60dc3,1272.76,1336841.22,79%
750f14ea5e0f226e42bd9d77d4af541d,1272.67,1338113.89,79%
c60514fbcdb1a7f647f66e5ed07f59b1,1272.51,1339386.4,79%
89129b4134df3289d76b155160d6e441,1271.98,1340658.38,79%
3ffc83bdd8f4ecb0752fe9c3204b5c1e,1270.7,1341929.08,79%
faf4094628be1cb2e660fc9bedc2d72c,1269.5,1343198.58,79%
62e7aea1aa0f2c22f4935878ab350527,1266.94,1344465.52,80%
dcef2fe349300ac52c962eb0f0fbc453,1265.83,1345731.35,80%
22245e5e8a9b0a5f9ea62d9aefc4e5fe,1264.17,1346995.52,80%
be33968269bf8c51037b65cdf4edff1b,1260.76,1348256.28,80%
e85b1dcef5f92e0647dc214b455b83c8,1260.76,1349517.04,80%
e89521c12ed7a8a782acfd80881f3b3e,1260.65,1350777.69,80%
19faaa8953bbd5166298b6f2a3f84298,1259.04,1352036.73,80%
90e3eeece77d494de02de58bc257b248,1258.73,1353295.46,80%
d487e70a5c882c55d82496f3b583eaab,1258.23,1354553.69,80%
932eaecbf57142d67adbc8f4508ae87c,1257.96,1355811.65,80%
fe1bccd55c91b596c92bcc1401408594,1257.96,1357069.61,80%
000598caf2ef4117407665ac33275130,1255.71,1358325.32,80%
5265029daa29cc08d86b9f96cd99d03f,1255.43,1359580.75,80%
9a3f52e1bec201f8966f6d0a8faddbb4,1253.86,1360834.61,81%
9f0b591bc0110c16bb95fdcb47878544,1253.03,1362087.64,81%
cc38c1b9a700590f58594bbedea9912a,1252.81,1363340.45,81%
711fff4266b53bae9de25be1473dc0bc,1251.7,1364592.15,81%
f8c4a8218238f0c3c87d39cb27c00593,1251.44,1365843.59,81%
b77a36877fb9b74ab4dec5f4e939419a,1251.02,1367094.61,81%
72680b3da61c269ad2e5d342356fec77,1250.81,1368345.42,81%
0049e8442c2a3e4a8d1ff5a9549abd53,1250.81,1369596.23,81%
176db5144496b2af02a70eff67f81d11,1250.81,1370847.04,81%
79e3be07b961e4d6df3d52de6a560c47,1250.81,1372097.85,81%
1f32801ff0c8f0aeaa8a6af5ca6ce862,1250.81,1373348.66,81%
7cd5e2de48001275a79e17e6348c6a1a,1250.42,1374599.08,81%
841b2848b570367c3e7f73ff6ce67bb3,1247.96,1375847.04,81%
f273dd8c96c0c0ae03dd3cba3014f4cb,1247.36,1377094.4,82%
5dadf9303f4c0c38d65b444aaf92b86e,1247.29,1378341.69,82%
daf15f1b940cc6a72ba558f093dc00dd,1246.97,1379588.66,82%
a2463c771cdc164e80078fd3d5e12ee0,1246.9,1380835.56,82%
2359a7ebdae8381103e9f7524e70fd48,1246.42,1382081.98,82%
20117e36945a163031abca6cc3cfff84,1246.34,1383328.32,82%
f3c52e9863e8cfcb77e896e4a75be1b3,1245.09,1384573.41,82%
6a352323e9ea3442a66aa0e556579967,1244.74,1385818.15,82%
8582c9ab7a8379bdbb1836bda59b5f4a,1244.12,1387062.27,82%
1a46899c81a1f73c1338cffd1164751d,1243.66,1388305.93,82%
0590c3c795016c3e5eea083a2e1f21b7,1243.62,1389549.55,82%
30bb84b541c96af98ba7d90b9ebf35d0,1242.57,1390792.12,82%
ccc7253294c7fddf43348badad1f59ff,1242.54,1392034.66,82%
c99c4573f69475e34c281d72617283ed,1241.19,1393275.85,82%
2421c7be6e7456c06f434ff26cb4223a,1240.85,1394516.7,83%
7194be434cc4eb4eb1a7a44bb4e9e24d,1240.85,1395757.55,83%
811e55e5f48c8f37832963ff509ce85b,1240.85,1396998.4,83%
d1c1552729f4a36ad3f2e9f2103681e1,1240.85,1398239.25,83%
e30ee9cb305181ee6c6e995c68f37583,1239.94,1399479.19,83%
3a1b9fe3e0d0d7541f37438799c97571,1237.81,1400717,83%
f0685eff82fe533447ab1a84c25704c1,1237.81,1401954.81,83%
0977e0b93fd518fc88b277900af29e65,1237.28,1403192.09,83%
d858c8a1bd7dca425c880be55b01a581,1234.62,1404426.71,83%
afcccdc6ee50bf89131f9efb8ab99ece,1234.62,1405661.33,83%
2f58942ce22a94bab8236b05f48b2ab9,1234.62,1406895.95,83%
63abd60f51ca1ed442bbb0610f59ed3c,1234.15,1408130.1,83%
005196c65bab2861e397cc85bc7664bf,1233.65,1409363.75,83%
041318f3b224ed1865ecbd61cbd4c77b,1233.42,1410597.17,83%
286cd699eec7a6faf30e808b715f1180,1232.85,1411830.02,84%
36f58303deca083523374389d472bfec,1232.85,1413062.87,84%
80cf55a439bbb373aea40a08515fb39b,1232.85,1414295.72,84%
b51ecad2f840841fc7f24a4aca209f01,1232.85,1415528.57,84%
e6ae48a024a916639572dd4f405662f1,1231.52,1416760.09,84%
1f5f4155d20763029c7b0504404748bb,1231.29,1417991.38,84%
ce8154e2083db0e68b12d0a13d6770fc,1230.2,1419221.58,84%
e2f063c52fa92b54f186c62b90699c10,1230,1420451.58,84%
d50dcc264b92c899c1a4f0f1c99cb67c,1229.19,1421680.77,84%
0781659176c3bdef80a6e2fe1fbd24a0,1228.73,1422909.5,84%
71583bf590a19d9a0c2073d705b73c7d,1228.03,1424137.53,84%
8a4eb74e28aa9a4a177fd01da6254463,1227.98,1425365.51,84%
8e6e4cf2ce41cda407074b416f893269,1227.89,1426593.4,84%
4a06381959b6670756de02e07b83815f,1227.78,1427821.18,85%
67f60f620492b627d9ce232d5c6ec467,1226.84,1429048.02,85%
5b570df1f1def219b8c7f269b3eb3c23,1226.18,1430274.2,85%
4fb36b6cb7d46f7c211711c19e6c8cdc,1225.99,1431500.19,85%
10de381f8a8d23fff822753305f71cae,1225.65,1432725.84,85%
acdbb4999d5d103ee914b62dd18922a2,1225.59,1433951.43,85%
b07e3d2770a8635837a1a1542b0d54f5,1225.59,1435177.02,85%
f33ce5c93bb775dce8f1ee9e1055e65e,1225.05,1436402.07,85%
223a807962e222b758aeee5610103f47,1225.05,1437627.12,85%
966fdef8074099e48e060b6b79067397,1224.87,1438851.99,85%
a3cbf4257c79c31a551ab11948b2a774,1224.1,1440076.09,85%
158eb98729448d3b4e5d3373d57df47a,1224.06,1441300.15,85%
2212ba48de3178b1e25a24eee16e3c27,1224.04,1442524.19,85%
399cc941c7a8a325c3c3bd68f9aeeee9,1223.7,1443747.89,85%
d91c1a0faf55f367e43be832269cfe62,1223.6,1444971.49,86%
daf556572d5a32abdf0ef68f7a9c3d10,1223.06,1446194.55,86%
2cb9cd4d83c7018f46ff002953f95901,1223.06,1447417.61,86%
197b14f985f4eddc23ec1ca34aace99b,1223.06,1448640.67,86%
d0c8dedcb2e16a6245f6a9f836385068,1223.06,1449863.73,86%
cbb28c8357c170dabf764f9be265e1f1,1222.94,1451086.67,86%
a261571e982fcbdd11ed1e4814f709df,1222.8,1452309.47,86%
87ac54f29caef172849cce57d5128967,1222.46,1453531.93,86%
abf6ab643b15647ff39d48cb4bfb1019,1222.15,1454754.08,86%
ac7c0515474bc3f9cf19474ee4d228eb,1221.52,1455975.6,86%
277046fb06e3f5185b0f4a816b811286,1221.39,1457196.99,86%
25c1ced83d16f627bd5862b7f9bc6caf,1221.39,1458418.38,86%
b9025d9e21715cc1eac81b2e40ee94d9,1221.39,1459639.77,86%
41b40faae6aeea7a8b6884948863386e,1221.28,1460861.05,86%
ccaeb075651015b6fd4240ded98360e2,1220.73,1462081.78,87%
96888e542a835f6dea8d3039af2e4a2e,1220.72,1463302.5,87%
ab7d2d05dbd77bf056e2cf426e3fd52f,1220.64,1464523.14,87%
80f16375ce928674fe11f2e5130208e1,1220,1465743.14,87%
72e4611b4b2a30b1f1b1ae1ffc56431b,1218.34,1466961.48,87%
e488ec82faeb287d7d9fc85bd9960c22,1217.78,1468179.26,87%
db6f9af19cfaa6064936f4b3e1097223,1215.42,1469394.68,87%
d3fa2b41958a719ae19f1b4daeed98cb,1214.65,1470609.33,87%
08f75c833b2e83e9627a628cac46f69e,1214.06,1471823.39,87%
6a4ed1cc3af287bcc9fe6abfbbceb84d,1210.62,1473034.01,87%
a6a8a1dfe5402a3ae5ad002b665d9c4d,1206.34,1474240.35,87%
3c7c40c039e3547fdb7a3797272ab922,1205.79,1475446.14,87%
8da2925151cb49aad7fbfa4798167f10,1205,1476651.14,87%
2815da103e2929fd06a7b2129153fedc,1203.89,1477855.03,87%
9a926a6d7f4cfc314e04fd9b4eed0672,1203.68,1479058.71,88%
9e478f18132211e1d6cf2637d12cc559,1202.64,1480261.35,88%
dbe9495069f4ddb6875dfc83462d616f,1202.64,1481463.99,88%
a7ab31829dc9a10f37e82b1e1afd26b6,1202.64,1482666.63,88%
195bfa760d994681f4db21fc8ed21af5,1201.55,1483868.18,88%
77ea2ec98e943bee47f47e77050b9855,1199.47,1485067.65,88%
05d18f7033aeb69e03888511124a473e,1198.89,1486266.54,88%
a7d2a3c4d297b45634f361190c8ec7f8,1196.78,1487463.32,88%
515a833ce56a4c3153f102787c272e4e,1194.38,1488657.7,88%
9790a478a1806bc28829cc6767407bc9,1192.48,1489850.18,88%
a6b4224286518410d6a29b2b05d821b1,1192.04,1491042.22,88%
c0a4ca941f313300f1694f4ab73b3651,1191.5,1492233.72,88%
d6b34ea6f3d03379c79d63ca7bde2f74,1191.48,1493425.2,88%
8aead9173f1c996b7c2c82b7e484fdaf,1191.41,1494616.61,88%
6ddb8747bdcad87a91ea5ce5c0c79a42,1185.58,1495802.19,89%
14cc76078935118a32fb1f6c01c55488,1184.55,1496986.74,89%
7aa5985858f6df9299d202265b71028c,1183.36,1498170.1,89%
387f1a0d6f1e26985d57745d0f7d6e71,1182.31,1499352.41,89%
71655ca61ab778759a241a1188d03d37,1181.11,1500533.52,89%
356925b87c2dcdeb8a091850d14691b7,1180.51,1501714.03,89%
b527077fcf783cd4a721674ffb07931f,1175.58,1502889.61,89%
95507e03074813ed6495792938c27b0c,1175.58,1504065.19,89%
c007979976672f82a106285c9426d7c0,1173.84,1505239.03,89%
66ff5782ffd6ce3e04be03a839ef91d8,1173.84,1506412.87,89%
34fc1866586bd50cfde68e61ba2fed0d,1173.71,1507586.58,89%
8372eb499d7f5baf1f41b42cd6597074,1173.56,1508760.14,89%
bdf1861e7bc387ae207eaf08463576b5,1173.44,1509933.58,89%
6f7c8b3369dd1f736a77264ecd928a47,1173.11,1511106.69,89%
3eb90dc317dd8c2f0bcb17210a723364,1172.45,1512279.14,90%
dc6484673b2e9c0dd56bee4d78717900,1172.45,1513451.59,90%
8bea0b231b8b08343ee31038e855d620,1172.45,1514624.04,90%
5ce188ad5db48e889d087639680c7ef4,1172.26,1515796.3,90%
5127c3d8efbc48f0c9c5e97a686e5cd9,1168.71,1516965.01,90%
25afd4d88507d0c37245f8f2031c9c7d,1168.71,1518133.72,90%
b37663c257f9cb8f2dc90fe804a6ef2a,1167.04,1519300.76,90%
792a25de8cf6773efd37ddced5f8dbc9,1166.44,1520467.2,90%
fb7df68b487c7340f5a4e9c5d4ae3e73,1166.43,1521633.63,90%
ec1ca447b2357dc984f111bb42d901c9,1165.99,1522799.62,90%
e7556bb00ab4ae30b6cab3df2f2172b6,1164.62,1523964.24,90%
80b7b8a1805fa231354410ca34138c7c,1163.25,1525127.49,90%
86940f0108edf822ebc008ea857d193b,1162.88,1526290.37,90%
6e339a46f22ae325fd96275ddde00906,1161.47,1527451.84,90%
a496c62d3354a4274732d5ad5046c75d,1161.47,1528613.31,90%
17575cf5c2a523e21115d818fd467253,1161.18,1529774.49,91%
683fb9798e710428ce7304acbd9bbcaf,1160.77,1530935.26,91%
c3c417054f5656e9470874ae63265424,1159.65,1532094.91,91%
ef9e714771b71928467a30d3492973db,1158.99,1533253.9,91%
7859b226e8b99e2263fae3c8fef443b2,1158.54,1534412.44,91%
4b3cff69c9076b5c9f0b5e16b5328360,1157.66,1535570.1,91%
9fc24442b2e31121b7c8907d33253b97,1157.41,1536727.51,91%
0d861a5e4dd6a9079d89e1330848f0ab,1157.28,1537884.79,91%
0b27c03a0e52a22dac95ab11d810cbd8,1157.19,1539041.98,91%
ec0984f9b037098d69b0c09fd64d0b02,1155.56,1540197.54,91%
9afcc5f0c10a8de1cce71389f667068c,1153.09,1541350.63,91%
ef48ea66fb39a13e1310b36b676e29e7,1152.62,1542503.25,91%
82cf91e8833da7baa4c152c5a4faa8f8,1150.8,1543654.05,91%
067ddd62f5d7b69af563df60ee698b5a,1150.8,1544804.85,91%
5d5577005dbf8ce00f7edb417650f2b6,1150.54,1545955.39,91%
c85ab216eceb57e7059d16f16744b513,1150.11,1547105.5,92%
afef4367f50fc1faacdf6c82bd46c6e8,1149.83,1548255.33,92%
e7a12cebe1325bf8786c1f714616d282,1149.83,1549405.16,92%
33ab326883f37b126492b8a58a1dd3f3,1149.83,1550554.99,92%
87a873789449499186421086a43f7bbf,1149.83,1551704.82,92%
ad9e8236c07bc00edfcd2f7805ceb771,1148.88,1552853.7,92%
628f1237180b751c1a995cda15e51b76,1148.75,1554002.45,92%
d80503003ba91d9d6803f8287544782e,1147.97,1555150.42,92%
b86bfce0c7648e0d53fb1fef4929421c,1147.55,1556297.97,92%
dac963d58128e2aeb233fb786c9d96d8,1147.5,1557445.47,92%
38c07e7e9ae35da412133b052d05edaa,1146.2,1558591.67,92%
dc22192b47c4e49aa885def47e184afc,1143.22,1559734.89,92%
3a7f59bfd23506b1997a224724044691,1140.82,1560875.71,92%
6f53ae8e5a0b164d618ea4b0d2ffce33,1140.82,1562016.53,92%
13a6bcc8613c796033664f81fec6fc70,1140.58,1563157.11,93%
cf0304dde7ffc7558549d28bfd192416,1140.23,1564297.34,93%
c99b0b8a41674337a4165c53ceb7139b,1140.15,1565437.49,93%
ffd294eea523f67ee8c743d3a904ee20,1140.12,1566577.61,93%
c9dbab4b73e48bd978bb5a5114ee6e3c,1139.27,1567716.88,93%
e620a9a4cdf12ab1e817c17496e9c5d7,1139.17,1568856.05,93%
b7021bcc80efc910e6a0748389a5eeb9,1138.39,1569994.44,93%
23f1d9792d6032bbdb97d6ae3988d21f,1138.28,1571132.72,93%
e04d99995856fdb1172314dbce6e0fc8,1137.56,1572270.28,93%
9020b6ec57368057e07cb365b54b9c90,1137.11,1573407.39,93%
82b56e1af615d6fe0b24b8f706f172f9,1137.11,1574544.5,93%
b0962c45b3881a52d605fe965ca9a776,1137.11,1575681.61,93%
64a7d42cdb49cee6490de85c12d56403,1135.89,1576817.5,93%
5358667640552c9500b4735e5f3a04a2,1134.44,1577951.94,93%
0fb9e15bc538d4a7fbe146abfc767a15,1133.96,1579085.9,93%
7186038cf7f3f1ef5ca7a48750c00256,1133.62,1580219.52,94%
04ccf04b81dec817ff694f6af34a2a59,1132.63,1581352.15,94%
7a20e17b2f3665e25b0bc87a9226c9ec,1131.73,1582483.88,94%
94ae6e074c702c4c67321c0edbca3ca6,1130.03,1583613.91,94%
d6f50e407023b87c16dabd4972b26ff9,1129.91,1584743.82,94%
1a963bd5c5e5549042046bdf3e098358,1129.85,1585873.67,94%
66b84aaef46998841f07082b24004842,1129.57,1587003.24,94%
3ce6bb309d1def44d728e2f1b9cd4c6e,1129.41,1588132.65,94%
8d1715b8466bb61876e49d198b87a421,1127.5,1589260.15,94%
f5592494798503e1d31c80b43b00a62e,1127.29,1590387.44,94%
659518c00554d21bca93139f0c8fc565,1126.64,1591514.08,94%
189c34e996a949f104c0976d2a9a8400,1125.9,1592639.98,94%
47014bb0e74e35a5b83df78c45f41c32,1125.58,1593765.56,94%
dfd9186730d5ae892dc2348afb9a2fdd,1125.58,1594891.14,94%
44f725846b0b0102b803444ea5bc6a9c,1125.57,1596016.71,94%
a86f4da27da046cfe243ffb26f3ccfa4,1125.55,1597142.26,95%
f90b39e93ec323e6a09e112e03fb186c,1125.55,1598267.81,95%
16bd290303092475ef758981282d5b9a,1125.36,1599393.17,95%
464ad1fa19f2a649e39193e5c98b8300,1125,1600518.17,95%
b02cff4a051c13296319151593eb5218,1124.96,1601643.13,95%
425b47dea2a00770e103fca1c9b755bd,1124.87,1602768,95%
0ad97367914ab84e094499c86ff0057f,1124.79,1603892.79,95%
1f843b666464a2b8e2f0c82b1f4ef82b,1123.86,1605016.65,95%
1bb679bae07f42ad12c2f81e473ce344,1123.13,1606139.78,95%
90af4933b09c472f006bde067530f672,1122.86,1607262.64,95%
59f02919719082978e302f9c366d2052,1122.45,1608385.09,95%
989d0306f46bfd75ab52c21c9d307679,1121.44,1609506.53,95%
20604bcc9703b6f0c4101a04e249ebd5,1121.42,1610627.95,95%
59b6f50384a62d257a93ff1b41235166,1121.01,1611748.96,95%
3284abe5e684f230d6c239ed831f3cdf,1120.84,1612869.8,95%
1bb460027f7333d51cc602eb692f1b8d,1120.37,1613990.17,96%
f886bab03373ae225f6a7d25e7ec14a9,1119.9,1615110.07,96%
8af2301e41464849b91db80025501c6c,1119.77,1616229.84,96%
51a8d592336a414fea21f12534b0f797,1119.6,1617349.44,96%
04c87355ded588f31f753951fd7e4af0,1118.05,1618467.49,96%
617ccd5f507624d9e0a0ba40f21d0895,1118.05,1619585.54,96%
b6335bb5ffac3a44fd1f325a4dab8998,1118.05,1620703.59,96%
7f4319889f2bef6ef22da78e35befb6b,1118.05,1621821.64,96%
018150959151a39894d01128bc358aed,1117.99,1622939.63,96%
8b6af4aa3d7e95622bb718a5fdc72019,1116.81,1624056.44,96%
92de9528e4b8f2568745e095beb94aeb,1116.69,1625173.13,96%
4754486e1645ad01f55a464712ab4965,1115.48,1626288.61,96%
a5501dd3eaffc14bb37c90c70a2099af,1115.45,1627404.06,96%
10aa4c249898134fd7c8ba29afbb2962,1115.37,1628519.43,96%
d852e1c144401bfd00aec76495541736,1114.03,1629633.46,96%
cc6047333b8307011b59de309487b678,1111.61,1630745.07,97%
c2da460f1f7e4a5023452f6bfa2ae656,1110.59,1631855.66,97%
a5b544d912be67044581a3890e6698d5,1110.2,1632965.86,97%
85a9a58276e288c04e889c93a5e282ff,1109.3,1634075.16,97%
7deaed5d5dd5d3fa73d31d370ea7b0e8,1107.96,1635183.12,97%
b768841e6f8f26ab8bcfe8878a648684,1104.93,1636288.05,97%
30956f750c3184a07f887007009d003d,1101.83,1637389.88,97%
c0b65b623d3f8fc03f70b3ef5e732a30,1101.6,1638491.48,97%
6a85222aa87619e9aef296bb6166970a,1101.51,1639592.99,97%
9b43a6ecfe9d923d12a54d057128a5fe,1101.51,1640694.5,97%
3c522e772d77dc602311f4a40f14f770,1101.51,1641796.01,97%
694fe0bdcd5d601ee81dba97d4ec8cba,1099,1642895.01,97%
42d2d2023056a7b8a7cab5c68fad2fd8,1098.62,1643993.63,97%
2253f352d1652c2309a1f1287bc3e740,1097.94,1645091.57,97%
4bf0d6956d9db8ab89d0ad604226278c,1097.7,1646189.27,97%
c2676f47437c3ea66442e39a07605d77,1097.31,1647286.58,97%
ea58ba76f07c7e170630ae1ef2c7b66a,1097.17,1648383.75,98%
996e73b2a3dac4d73d1a45c1623f98b4,1096.98,1649480.73,98%
d2d62b6dfae4b69aff1be960edc53768,1096.41,1650577.14,98%
2f8d6af8cb3875d6964eb4b5eff3a718,1095.65,1651672.79,98%
b6ead1303ba468d8d5d31a465edd6670,1094.37,1652767.16,98%
9832e2c595ca4b625d442384566f45fb,1093.93,1653861.09,98%
30fc4a8a18b770f84c381b09eccd9b8d,1093.52,1654954.61,98%
3a4f1f119930e2189a86a6d228f02736,1092.74,1656047.35,98%
7ca7b6bb5ab0b1ac2529e5c489cf3592,1090.68,1657138.03,98%
6bba511e5eff14df06ee63e3fd5d0ffe,1090.68,1658228.71,98%
8653c76ecb6f3c713fc5fa756a7292ae,1089.96,1659318.67,98%
4d916e585f3bb295dbc15dafaeaae8ed,1089.96,1660408.63,98%
e8d6d155e9cb014bd1c2db488b6746e1,1087.44,1661496.07,98%
ab10abbdb62d2535d3a3e14cb201ff7e,1086.08,1662582.15,98%
d3e82ccec3cb5f956a38d96c057ceaae,1085.3,1663667.45,98%
815d430c8c4c1fd1980edd447ac4f8b6,1084.71,1664752.16,99%
06b4c8a36a20658dcab2a977dc3fa248,1084.71,1665836.87,99%
ca03eab600d87d8723f523aa00aa0d64,1084.71,1666921.58,99%
c12c796652c71de90173ccac158ae68f,1083.96,1668005.54,99%
c0b26f372775acfd5f2d1a8e256fb9d6,1083.78,1669089.32,99%
5be5d703076bbbf577ade3fdddf51e20,1083.2,1670172.52,99%
d7c999073dcd1bce8c712cbbee9e30b2,1082.66,1671255.18,99%
f0264d4b14def982146a5487929d32da,1082.66,1672337.84,99%
acc7d23ec27f4666d82e72a78fe6cae8,1082.51,1673420.35,99%
40a5cfa343927fccfa6ab8d7d2a10b1c,1080.56,1674500.91,99%
c9c813b7dbdf3fddd1e25b8581a58f19,1079.98,1675580.89,99%
c0d62b7f7cbf132ac5b63980cae215e1,1079.75,1676660.64,99%
0a03d3b2becf1e6ede584a394d562c45,1079.71,1677740.35,99%
fb00fcec2e41b08e44dac5629abfed29,1078.92,1678819.27,99%
2f1d78af6de0800385a0cc5cf4b7a794,1078.43,1679897.7,99%
3d52b62a0e6c8a3e9b649b070bbe291b,1077.41,1680975.11,99%
479867a42c16c68bf10119d36056d485,1076.76,1682051.87,100%
81fb8e4ce78197361d444035a8d369c8,1076.45,1683128.32,100%
cbc7af079d4caea005e49f188d9a0403,1075.83,1684204.15,100%
e84d9c0fb40fccf1b0e326e840f6a8ec,1075.74,1685279.89,100%
fe8b3a40ab3d9ea1b2e38aa24a324207,1075.56,1686355.45,100%
ccef9579d4093da59f1a24bed9091fd5,1075.23,1687430.68,100%
f69cf4381400f65b36639b8e1c11092a,1075.12,1688505.8,100%
b9b78d5b4aef308f92fbe5332cd81386,1072.59,1689578.39,100%
,1689578.39,,
